[{"model": "accommodations.accommodationtype", "pk": 1, "fields": {"name": "Отель", "description": "Обычный отель"}}, {"model": "accommodations.accommodationtype", "pk": 2, "fields": {"name": "Гостиничный дом", "description": "Гостиничный дом"}}, {"model": "accommodations.accommodationtype", "pk": 4, "fields": {"name": "Квартира", "description": "Квартира"}}, {"model": "accommodations.accommodationtype", "pk": 5, "fields": {"name": "Вилла", "description": "Вилла"}}, {"model": "accommodations.accommodationtype", "pk": 6, "fields": {"name": "Шале", "description": "Шале"}}, {"model": "accommodations.accommodationtype", "pk": 7, "fields": {"name": "Коттедж", "description": "Коттедж"}}, {"model": "accommodations.accommodationtype", "pk": 8, "fields": {"name": "Глемпинг", "description": "Глемпинг"}}, {"model": "accommodations.accommodation", "pk": 1, "fields": {"name": "iO Hotel Bishkek", "description": "IO Hotel Bishkek — это отель с 1 звездой в городе Бишкек Гости могут обратиться к сотрудникам круглосуточной стойки регистрации, воспользоваться трансфером от/до аэропорта или доставкой еды и напитков, а также подключиться к бесплатному Wi-Fi.\r\n\r\nВ номерах есть платяной шкаф, холодильник и чайник, а также душ и бесплатные туалетно-косметические принадлежности. Среди прочих удобств — кондиционер и телевизор с плоским экраном с кабельными каналами. Во всех номерах имеется собственная ванная комната и фен, а также предоставляется постельное белье.", "city": "Бишкек", "accommodation_type": 1, "cost": "500.00", "currency": "KGS", "adults_capacity": 2, "children_capacity": null, "breakfast_included": false, "kitchen_available": false, "bed_type": "2", "wifi_available": true, "available": true, "rating": "8.5", "is_favorite": []}}, {"model": "accommodations.accommodation", "pk": 2, "fields": {"name": "Nomad Inn", "description": "Nomad Inn — это гостевой дом в городе Бишкек. К услугам гостей сад, терраса и бесплатный Wi-Fi. В распоряжении гостей общая кухня и камера хранения багажа.\r\n\r\nВо всех номерах имеется холодильник, микроволновая печь и чайник, а также душ и бесплатные туалетно-косметические принадлежности. Среди прочих удобств — кондиционер и письменный стол. В собственной ванной комнате есть тапочки. В номерах есть собственная ванная комната и фен, а также предоставляется постельное белье.", "city": "Бишкек", "accommodation_type": 1, "cost": "750.00", "currency": "KGS", "adults_capacity": 1, "children_capacity": null, "breakfast_included": false, "kitchen_available": true, "bed_type": "1", "wifi_available": true, "available": false, "rating": "9.4", "is_favorite": []}}, {"model": "accommodations.accommodation", "pk": 3, "fields": {"name": "People Hostel", "description": "People Hostel — это хостел общим лаунджем в городе Бишкек. Гости могут обратиться к сотрудникам круглосуточной стойки регистрации, воспользоваться трансфером от/до аэропорта или общей кухней, а также подключиться к бесплатному Wi-Fi на всей территории.\r\n\r\nВ номерах есть платяной шкаф, холодильник и чайник, а также душ и фен. Среди прочих удобств — кондиционер и телевизор со спутниковыми каналами. Во всех номерах есть общая ванная комната и тапочки, а также предоставляется постельное белье.", "city": "Бишкек", "accommodation_type": 1, "cost": "375.00", "currency": "KGS", "adults_capacity": 8, "children_capacity": null, "breakfast_included": false, "kitchen_available": true, "bed_type": "8", "wifi_available": true, "available": true, "rating": "9.2", "is_favorite": []}}, {"model": "accommodations.accommodation", "pk": 4, "fields": {"name": "Novotel Bishkek City Center", "description": "Novotel Bishkek City Center — это отель с 5 звездами, расположенный в городе Бишкек. К услугам гостей терраса, ресторан и бар. В числе прочих удобств — доставка еды и напитков и круглосуточная стойка регистрации, а также бесплатный Wi-Fi на всей территории. Гости могут воспользоваться оздоровительным и спа-центром с крытым бассейном, фитнес-центром и сауной, а также садом.\r\n\r\nВ Novotel Bishkek City Center в номерах имеется кондиционер, телевизор с плоским экраном с кабельными каналами и сейф. Среди прочих удобств — гостиная зона и собственная ванная комната с душем, бесплатными туалетно-косметическими принадлежностями и феном. Гостям Novotel Bishkek City Center предоставляются постельное белье и полотенца.\r\n\r\nГостям Novotel Bishkek City Center предоставляется завтрак «шведский стол».\r\n\r\nК услугам гостей Novotel Bishkek City Center — детская игровая площадка.", "city": "Бишкек", "accommodation_type": 1, "cost": "18500.00", "currency": "KGS", "adults_capacity": 2, "children_capacity": null, "breakfast_included": false, "kitchen_available": false, "bed_type": "1", "wifi_available": true, "available": true, "rating": "9.1", "is_favorite": []}}, {"model": "accommodations.accommodation", "pk": 5, "fields": {"name": "281 Hotel", "description": "281 Hotel — это отель в городе Бишкек. Гостям предлагается бесплатный Wi-Fi. Гости могут воспользоваться услугами консьержа или террасой. В распоряжении гостей общая кухня, доставка еды и напитков и услуга обмена валют.\r\n\r\nВ номерах в 281 Hotel установлен кондиционер, сейф и телевизор с плоским экраном. Среди прочих удобств — письменный стол и чайник, а также собственная ванная комната с душем.\r\n\r\nВ числе удобств — бесплатная частная парковка и бизнес-центр, а также круглосуточная стойка регистрации.", "city": "Бишкек", "accommodation_type": 1, "cost": "10500.00", "currency": "KGS", "adults_capacity": 2, "children_capacity": 1, "breakfast_included": true, "kitchen_available": false, "bed_type": "2", "wifi_available": true, "available": true, "rating": "8.1", "is_favorite": []}}, {"model": "accommodations.accommodation", "pk": 6, "fields": {"name": "Hotel Apartment Al-Salam", "description": "Hotel Apartment Al-Salam — это апартаменты в городе Бишкек. Здесь имеется бесплатный Wi-Fi и бесплатная частная парковка и открывается вид на город.\r\n\r\nВ каждой единице размещения имеется кухня с холодильником и чайником. В комнатах установлен кондиционер.", "city": "Бишкек", "accommodation_type": 4, "cost": "3000.00", "currency": "KGS", "adults_capacity": 6, "children_capacity": null, "breakfast_included": false, "kitchen_available": true, "bed_type": "4", "wifi_available": true, "available": true, "rating": "8.9", "is_favorite": []}}, {"model": "accommodations.accommodation", "pk": 7, "fields": {"name": "Best view in city, secured 24/7", "description": "Best view in city, secured 24/7 — это апартаменты, расположенные в городе Бишкек. К услугам гостей терраса и бесплатный Wi-Fi на всей территории. Из окон открывается вид на город.\r\n\r\nВ этих апартаментах имеется спальня (1), кухня с холодильником и посудомоечной машиной, гостиная зона, а также ванная комната (1) с душем. В распоряжении гостей телевизор с плоским экраном. Гостям этих апартаментов предоставляются полотенца и постельное белье.", "city": "Бишкек", "accommodation_type": 4, "cost": "1000.00", "currency": "KGS", "adults_capacity": 3, "children_capacity": null, "breakfast_included": false, "kitchen_available": true, "bed_type": "2", "wifi_available": true, "available": false, "rating": "9.5", "is_favorite": []}}, {"model": "accommodations.accommodation", "pk": 8, "fields": {"name": "Solutel Hotel", "description": "Отель «Солютель» расположен в Бишкеке, в 5 минутах ходьбы от центральной площади Ала-Тоо и железнодорожного вокзала Бишкека. К услугам гостей бесплатный Wi-Fi, терраса, снэк-бар и бесплатная частная парковка на территории.\r\n\r\nВсе номера отеля оснащены кондиционером, чайником и телевизором с плоским экраном и кабельными каналами, а в некоторых обустроена гостиная зона. В распоряжении гостей собственная ванная комната с ванной или душем, биде купальными халатами и тапочками. Предоставляются бесплатные туалетно-косметические принадлежности и фен.\r\n\r\nСтойка регистрации работает круглосуточно. В 200 метрах от отеля можно посетить рестораны. Отель Solutel находится в окружении Посольств Франции, Германии, Японии, Великобритании и многих других странах.\r\n\r\nГости могут взять напрокат автомобиль или отправиться на пешую прогулку по окрестностям.", "city": "Бишкек", "accommodation_type": 4, "cost": "1500.00", "currency": "KGS", "adults_capacity": 5, "children_capacity": null, "breakfast_included": true, "kitchen_available": false, "bed_type": "4", "wifi_available": true, "available": true, "rating": "9.4", "is_favorite": []}}, {"model": "accommodations.accommodation", "pk": 9, "fields": {"name": "Casablanca Apart Hotel", "description": "Casablanca Apart Hotel — это апартаменты в городе Бишкек. Здесь есть сад с террасой, а также установлен бесплатный Wi-Fi и кондиционер. На территории есть частная парковка.\r\n\r\nВ распоряжении гостей кухня с холодильником и духовкой и гостиная зона с диваном-кроватью. В каждой номерной единице есть сейф, платяной шкаф и телевизор с плоским экраном со спутниковыми каналами. Гости могут воспользоваться гладильными принадлежностями. К услугам гостей собственная ванная комната, в которой есть душ, бесплатные туалетно-косметические принадлежности, фен и тапочки.\r\n\r\nВ числе удобств — детская игровая площадка. Рядом с Casablanca Apart Hotel можно заняться лыжным спортом.", "city": "Бишкек", "accommodation_type": 4, "cost": "2000.00", "currency": "KGS", "adults_capacity": 4, "children_capacity": null, "breakfast_included": false, "kitchen_available": true, "bed_type": "3", "wifi_available": true, "available": true, "rating": "10.0", "is_favorite": []}}, {"model": "accommodations.accommodation", "pk": 10, "fields": {"name": "Golden Hotel", "description": "Golden Hotel — это отель, расположенный в городе Бишкек. Гости могут обратиться к сотрудникам круглосуточной стойки регистрации, воспользоваться трансфером от/до аэропорта или доставкой еды и напитков, а также подключиться к бесплатному Wi-Fi.\r\n\r\nВ городе Бишкек и его окрестностях популярны различные виды досуга, например пешие прогулки. Гости Golden Hotel также могут выбрать другие занятия по душе.", "city": "Бишкек", "accommodation_type": 1, "cost": "750.00", "currency": "KGS", "adults_capacity": 3, "children_capacity": null, "breakfast_included": true, "kitchen_available": false, "bed_type": "3", "wifi_available": true, "available": false, "rating": "9.2", "is_favorite": []}}, {"model": "accommodations.accommodation", "pk": 11, "fields": {"name": "Terrasse Hotel & Bar", "description": "Terrasse Hotel & Bar — это отель, расположенный в городе Бишкек. В распоряжении гостей семейные номера и терраса. В распоряжении гостей круглосуточная стойка регистрации, услуги консьержа и услуга обмена валют.\r\n\r\nВ Terrasse Hotel & Bar во всех номерах есть платяной шкаф и телевизор с плоским экраном. В номерах Terrasse Hotel & Bar установлен бесплатный Wi-Fi, а также есть собственная ванная комната с биде и бесплатными туалетно-косметическими принадлежностями. Из окон некоторых номеров открывается вид на город. В номерах в Terrasse Hotel & Bar есть письменный стол, а также установлен кондиционер.", "city": "Бишкек", "accommodation_type": 1, "cost": "1250.00", "currency": "KGS", "adults_capacity": 2, "children_capacity": null, "breakfast_included": true, "kitchen_available": false, "bed_type": "1", "wifi_available": true, "available": true, "rating": "9.4", "is_favorite": []}}, {"model": "accommodations.accommodation", "pk": 12, "fields": {"name": "Discovery Hotel", "description": "Отель Discovery с бесплатным Wi-Fi и баром расположен в Бишкеке, в 5 минутах ходьбы от торгового центра «Азия Молл» и 2,5 км от железнодорожного вокзала Бишкека.\r\n\r\nВ числе удобств номеров телевизор и собственная ванная комната.\r\n\r\nСтойка регистрации открыта круглосуточно.", "city": "Бишкек", "accommodation_type": 1, "cost": "500.00", "currency": "KGS", "adults_capacity": 2, "children_capacity": null, "breakfast_included": true, "kitchen_available": false, "bed_type": "1", "wifi_available": true, "available": true, "rating": "7.5", "is_favorite": []}}, {"model": "accommodations.accommodation", "pk": 13, "fields": {"name": "Hotel \"Тихий Дом Трансфер\"", "description": "Hotel \"Тихий Дом Трансфер\" — это гостевой дом, расположенный в городе Бишкек. К услугам гостей сад, общий лаундж, терраса и бар. В распоряжении гостей бесплатная частная парковка и платный трансфер от/до аэропорта.\r\n\r\nВо всех номерах есть чайник, а также общая ванная комната с душем и бесплатными туалетно-косметическими принадлежностями. В ряде номеров имеется кухня с холодильником.", "city": "Бишкек", "accommodation_type": 2, "cost": "760.00", "currency": "KGS", "adults_capacity": 1, "children_capacity": null, "breakfast_included": false, "kitchen_available": true, "bed_type": "1", "wifi_available": true, "available": true, "rating": "9.3", "is_favorite": []}}, {"model": "accommodations.accommodation", "pk": 14, "fields": {"name": "Hotel Good Night", "description": "Hotel Good Night — это гостевой дом в городе Джалал-Абад. К услугам гостей сад, принадлежности для барбекю и бесплатный Wi-Fi на всей территории. В распоряжении гостей бесплатная частная парковка и платный трансфер от/до аэропорта.\r\n\r\nВ Hotel Good Night в номерах имеется платяной шкаф. Во всех номерах в Hotel Good Night есть письменный стол, а также установлен кондиционер.\r\n\r\nПо утрам для гостей сервируется завтрак по меню, азиатский завтрак и халяльный завтрак.\r\n\r\nНа территории Hotel Good Night можно поиграть в настольный теннис. К услугам гостей прокат велосипедов.\r\n\r\nГости могут в любое время обратиться за помощью к сотрудникам круглосуточной стойки регистрации, которые говорят на немецком, на английском, на русском и на турецком.", "city": "Джалал-Абад", "accommodation_type": 2, "cost": "990.00", "currency": "KGS", "adults_capacity": 3, "children_capacity": null, "breakfast_included": true, "kitchen_available": false, "bed_type": "3", "wifi_available": true, "available": true, "rating": "9.2", "is_favorite": []}}, {"model": "accommodations.accommodation", "pk": 15, "fields": {"name": "В Гостях на Иссык-Куле", "description": "В Гостях на Иссык-Куле — это гостевой дом в городе Чолпон-Ата. К услугам гостей сад. К услугам гостей гостевого дома — бесплатный Wi-Fi и бесплатная частная парковка.\r\n\r\nВ В Гостях на Иссык-Куле во всех номерах имеется письменный стол. В определенных номерах в В Гостях на Иссык-Куле из окон открывается вид на озеро, при этом в каждом номере есть собственная ванная комната с душем. Гостям В Гостях на Иссык-Куле предоставляются постельное белье и полотенца.", "city": "Чолпон-Ата", "accommodation_type": 2, "cost": "1250.00", "currency": "KGS", "adults_capacity": 4, "children_capacity": null, "breakfast_included": true, "kitchen_available": false, "bed_type": "4", "wifi_available": true, "available": true, "rating": "8.6", "is_favorite": []}}, {"model": "accommodations.accommodation", "pk": 16, "fields": {"name": "Eco Village Lodge", "description": "Eco Village Lodge — это гостевой дом, расположенный в городе Dzhetyoguz. К услугам гостей сад, общий лаундж, терраса и бар. Гости могут воспользоваться общей кухней или принадлежностями для барбекю. В распоряжении гостей бесплатная частная парковка и платный трансфер от/до аэропорта.\r\n\r\nВ Eco Village Lodge в каждом номере есть гостиная зона.\r\n\r\nЕжедневно гостям Eco Village Lodge предоставляется полный английский/ирландский завтрак и азиатский завтрак.\r\n\r\nВ городе Dzhetyoguz и его окрестностях популярны пешие прогулки, верховая езда и велосипедные прогулки. Гости Eco Village Lodge также могут выбрать другие варианты досуга.", "city": "Dzhetyoguz", "accommodation_type": 2, "cost": "550.00", "currency": "KGS", "adults_capacity": 2, "children_capacity": null, "breakfast_included": true, "kitchen_available": false, "bed_type": "2", "wifi_available": true, "available": true, "rating": "9.0", "is_favorite": []}}, {"model": "accommodations.accommodation", "pk": 17, "fields": {"name": "Rauza Guest Villa", "description": "Rauza Guest Villa — это вилла, расположенная в городе Бишкек. Гостям предоставляется бесплатный Wi-Fi на всей территории. Также на территории имеется частная парковка.\r\n\r\nНа этой вилле с кондиционером и выходом на террасу, откуда открывается вид на сад, есть несколько спален (4) и полностью оборудованная кухня.", "city": "Бишкек", "accommodation_type": 5, "cost": "2500.00", "currency": "KGS", "adults_capacity": 9, "children_capacity": null, "breakfast_included": false, "kitchen_available": true, "bed_type": "7", "wifi_available": true, "available": true, "rating": "9.2", "is_favorite": []}}, {"model": "accommodations.accommodation", "pk": 18, "fields": {"name": "Lakeside Villa Issyk Kul", "description": "Lakeside Villa Issyk Kul — это вилла в городе Чолпон-Ата. Гостям предоставляется бесплатный Wi-Fi на всей территории. Также на территории имеется частная парковка.\r\n\r\nВо всех единицах размещения в распоряжении гостей телевизор с плоским экраном, собственная ванная комната, а также полностью оборудованная кухня.\r\n\r\nВ Lakeside Villa Issyk Kul есть сад, где можно отдохнуть после насыщенного дня, а также частный пляж.", "city": "Чолпон-Ата", "accommodation_type": 5, "cost": "4000.00", "currency": "KGS", "adults_capacity": 6, "children_capacity": null, "breakfast_included": false, "kitchen_available": true, "bed_type": "5", "wifi_available": true, "available": true, "rating": "9.4", "is_favorite": []}}, {"model": "accommodations.accommodation", "pk": 19, "fields": {"name": "Villa Karakol", "description": "Villa Karakol — это вилла в городе Каракол. Здесь есть сад, общий лаундж и терраса, а также установлен бесплатный Wi-Fi. Из окон открывается вид на горы. На этой вилле есть бесплатная частная парковка и общая кухня.\r\n\r\nВилла находится на первом этаже; здесь имеется несколько спален (2), телевизор с плоским экраном со спутниковыми каналами, а также полностью оборудованная кухня, где гости могут воспользоваться холодильником, стиральной машиной, посудомоечной машиной, духовкой и микроволновой печью. Гостям этой виллы предоставляются полотенца и постельное белье.\r\n\r\nГости Villa Karakol могут взять напрокат велосипед.", "city": "Каракол", "accommodation_type": 5, "cost": "6000.00", "currency": "KGS", "adults_capacity": 5, "children_capacity": null, "breakfast_included": false, "kitchen_available": true, "bed_type": "4", "wifi_available": true, "available": true, "rating": "10.0", "is_favorite": []}}, {"model": "accommodations.accommodation", "pk": 20, "fields": {"name": "Особняк на берегу Иссык-куля", "description": "Особняк на берегу Иссык-куля — это вилла в городе Чолпон-Ата. В распоряжении гостей частный пляж. В числе удобств этого жилья на первой линии — бесплатный Wi-Fi и бесплатная частная парковка.\r\n\r\nНа этой вилле есть кухня с холодильником, духовкой и плитой, гостиная с обеденной зоной и гостиной зоной, несколько спален (3), а также несколько ванных комнат (4) с душем и ванной. К тому же гости могут воспользоваться DVD-плеером. Среди удобств — телевизор с плоским экраном.", "city": "Чолпон-Ата", "accommodation_type": 5, "cost": "10000.00", "currency": "KGS", "adults_capacity": 8, "children_capacity": null, "breakfast_included": false, "kitchen_available": true, "bed_type": "10", "wifi_available": true, "available": true, "rating": "9.5", "is_favorite": []}}, {"model": "accommodations.accommodation", "pk": 21, "fields": {"name": "Kanym Guest Complex", "description": "Kanym Guest Complex — это шале в городе Каракол. Среди удобств — сад, общий лаундж и круглосуточная стойка регистрации. Предоставляется бесплатный Wi-Fi. На территории есть частная парковка.\r\n\r\nВ этом шале имеется несколько спален (2), гостиная, хорошо оборудованная кухня с холодильником и микроволновой печью, а также ванная комната (1) с биде. Установлен телевизор с плоским экраном. С террасы открывается вид на город. Гостям этого шале предоставляются полотенца и постельное белье.\r\n\r\nУ гостей Kanym Guest Complex есть возможность взять напрокат велосипед или заняться лыжным спортом. Также есть помещение для хранения лыж.", "city": "Каракол", "accommodation_type": 6, "cost": "3000.00", "currency": "KGS", "adults_capacity": 4, "children_capacity": null, "breakfast_included": true, "kitchen_available": true, "bed_type": "6", "wifi_available": true, "available": true, "rating": "9.4", "is_favorite": []}}, {"model": "accommodations.accommodation", "pk": 22, "fields": {"name": "Super View-2 Bedroom Chalet Karakol", "description": "Super View-2 Bedroom Chalet Karakol — это шале в городе Каракол. Здесь есть сад, терраса и прямой выход к склонам, а также установлен бесплатный Wi-Fi. Из окон открывается вид на сад. В окрестностях гости шале могут заняться пешими прогулками, лыжным спортом, велосипедными прогулками и другими видами активного отдыха. Среди удобств — бесплатная частная парковка.\r\n\r\nК услугам гостей этого шале несколько спален (2), гостиная, полностью оборудованная мини-кухня, а также ванная комната (1).\r\n\r\nГости Super View-2 Bedroom Chalet Karakol могут посетить сауну. В Super View-2 Bedroom Chalet Karakol имеется пункт проката лыжного снаряжения, а также пункт продажи ски-пассов и помещение для хранения лыж.", "city": "Каракол", "accommodation_type": 6, "cost": "8000.00", "currency": "KGS", "adults_capacity": 4, "children_capacity": null, "breakfast_included": false, "kitchen_available": true, "bed_type": "4", "wifi_available": true, "available": true, "rating": "9.8", "is_favorite": []}}, {"model": "accommodations.accommodation", "pk": 23, "fields": {"name": "Family club Royal-apricot", "description": "Family club Royal-apricot — это шале в городе Тамга. Среди удобств — сад, доставка еды и напитков и круглосуточная стойка регистрации. Предоставляется бесплатный Wi-Fi. В окрестностях гости шале могут заняться пешими прогулками, лыжным спортом, рыбной ловлей и другими видами активного отдыха. Среди удобств — бесплатная частная парковка.\r\n\r\nВ этом шале имеется телевизор с плоским экраном со спутниковыми каналами, несколько спален (3), полностью оборудованная кухня и ванная комната (1). Гостям предоставляются постельное белье и полотенца. С террасы открывается вид на горы.\r\n\r\nНа территории Family club Royal-apricot есть не только частный пляж, но и принадлежности для барбекю.", "city": "Тамга", "accommodation_type": 6, "cost": "9500.00", "currency": "KGS", "adults_capacity": 6, "children_capacity": null, "breakfast_included": true, "kitchen_available": true, "bed_type": "4", "wifi_available": true, "available": true, "rating": "9.6", "is_favorite": []}}, {"model": "accommodations.accommodation", "pk": 24, "fields": {"name": "Kegeti Panorama Holiday Chalet", "description": "Kegeti Panorama Holiday Chalet — это шале в городе Kegeti. В распоряжении гостей принадлежности для барбекю. В этом шале есть сад и бесплатная частная парковка.\r\n\r\nК услугам гостей этого шале несколько спален (3), гостиная, полностью оборудованная кухня с холодильником и духовкой, а также несколько ванных комнат (2). Гостям этого шале предоставляются полотенца и постельное белье.", "city": "Kegeti", "accommodation_type": 6, "cost": "5600.00", "currency": "KGS", "adults_capacity": 5, "children_capacity": null, "breakfast_included": true, "kitchen_available": true, "bed_type": "3", "wifi_available": true, "available": true, "rating": "10.0", "is_favorite": []}}, {"model": "accommodations.accommodationimage", "pk": 1, "fields": {"accommodation": 1, "image": "https://res.cloudinary.com/daffwdfvn/image/upload/v1714391959/accommodation_images/xotggr4qsamykmo2emcv.jpg"}}, {"model": "accommodations.accommodationimage", "pk": 2, "fields": {"accommodation": 1, "image": "https://res.cloudinary.com/daffwdfvn/image/upload/v1714391995/accommodation_images/lhsfmbxa8fdxcnjqarwu.jpg"}}, {"model": "accommodations.accommodationimage", "pk": 3, "fields": {"accommodation": 1, "image": "https://res.cloudinary.com/daffwdfvn/image/upload/v1714392011/accommodation_images/lne9ild2wwmnwlnbajpz.jpg"}}, {"model": "accommodations.accommodationimage", "pk": 4, "fields": {"accommodation": 1, "image": "https://res.cloudinary.com/daffwdfvn/image/upload/v1714392076/accommodation_images/umijud0ma5xpdcvw1hhu.jpg"}}, {"model": "accommodations.accommodationimage", "pk": 5, "fields": {"accommodation": 1, "image": "https://res.cloudinary.com/daffwdfvn/image/upload/v1714392100/accommodation_images/b24ff41sduw1s2p3oeez.jpg"}}, {"model": "accommodations.accommodationimage", "pk": 6, "fields": {"accommodation": 1, "image": "https://res.cloudinary.com/daffwdfvn/image/upload/v1714392115/accommodation_images/gogp05z6imhdyedcgjvz.jpg"}}, {"model": "accommodations.accommodationimage", "pk": 7, "fields": {"accommodation": 1, "image": "https://res.cloudinary.com/daffwdfvn/image/upload/v1714392130/accommodation_images/ko1x9cuj47gw14baadiv.jpg"}}, {"model": "accommodations.accommodationimage", "pk": 8, "fields": {"accommodation": 1, "image": "https://res.cloudinary.com/daffwdfvn/image/upload/v1714392150/accommodation_images/pzzwxhgiiaiv5r5ggufn.jpg"}}, {"model": "accommodations.accommodationimage", "pk": 9, "fields": {"accommodation": 1, "image": "https://res.cloudinary.com/daffwdfvn/image/upload/v1714392168/accommodation_images/t6uqw0pqlkg3mppymokf.jpg"}}, {"model": "accommodations.accommodationimage", "pk": 10, "fields": {"accommodation": 1, "image": "https://res.cloudinary.com/daffwdfvn/image/upload/v1714392207/accommodation_images/var0hahgkvtythkjaxaq.jpg"}}, {"model": "accommodations.accommodationimage", "pk": 11, "fields": {"accommodation": 2, "image": "https://res.cloudinary.com/daffwdfvn/image/upload/v1714392748/accommodation_images/sragz2dki4bcynq4spwm.jpg"}}, {"model": "accommodations.accommodationimage", "pk": 12, "fields": {"accommodation": 2, "image": "https://res.cloudinary.com/daffwdfvn/image/upload/v1714392794/accommodation_images/oyzra9hce046xg1ms2hs.jpg"}}, {"model": "accommodations.accommodationimage", "pk": 13, "fields": {"accommodation": 2, "image": "https://res.cloudinary.com/daffwdfvn/image/upload/v1714392811/accommodation_images/yt8uuikjnt3exkrbdjuy.jpg"}}, {"model": "accommodations.accommodationimage", "pk": 14, "fields": {"accommodation": 2, "image": "https://res.cloudinary.com/daffwdfvn/image/upload/v1714392824/accommodation_images/hvbuppfqflw6a4gtqugs.jpg"}}, {"model": "accommodations.accommodationimage", "pk": 15, "fields": {"accommodation": 2, "image": "https://res.cloudinary.com/daffwdfvn/image/upload/v1714392857/accommodation_images/vymcglexpttqxjtuttir.jpg"}}, {"model": "accommodations.accommodationimage", "pk": 16, "fields": {"accommodation": 2, "image": "https://res.cloudinary.com/daffwdfvn/image/upload/v1714392870/accommodation_images/xaphdognlpuzzp6qtif1.jpg"}}, {"model": "accommodations.accommodationimage", "pk": 17, "fields": {"accommodation": 2, "image": "https://res.cloudinary.com/daffwdfvn/image/upload/v1714392884/accommodation_images/rhaxhoz2ag9pvabvkim8.jpg"}}, {"model": "accommodations.accommodationimage", "pk": 18, "fields": {"accommodation": 2, "image": "https://res.cloudinary.com/daffwdfvn/image/upload/v1714392900/accommodation_images/f5japhpl3lgyvapbxns0.jpg"}}, {"model": "accommodations.accommodationimage", "pk": 19, "fields": {"accommodation": 2, "image": "https://res.cloudinary.com/daffwdfvn/image/upload/v1714392927/accommodation_images/n7wmmmzsbli0na54oxfv.jpg"}}, {"model": "accommodations.accommodationimage", "pk": 20, "fields": {"accommodation": 2, "image": "https://res.cloudinary.com/daffwdfvn/image/upload/v1714392943/accommodation_images/w73bkqd19gntrrerjco5.jpg"}}, {"model": "accommodations.accommodationimage", "pk": 21, "fields": {"accommodation": 3, "image": "https://res.cloudinary.com/daffwdfvn/image/upload/v1714393129/accommodation_images/e8ichotjfytju8gobypo.jpg"}}, {"model": "accommodations.accommodationimage", "pk": 22, "fields": {"accommodation": 3, "image": "https://res.cloudinary.com/daffwdfvn/image/upload/v1714393163/accommodation_images/zwa1sifgxhc7u1bypsbs.jpg"}}, {"model": "accommodations.accommodationimage", "pk": 23, "fields": {"accommodation": 3, "image": "https://res.cloudinary.com/daffwdfvn/image/upload/v1714393176/accommodation_images/upczgeu7imwk17iypocw.jpg"}}, {"model": "accommodations.accommodationimage", "pk": 24, "fields": {"accommodation": 3, "image": "https://res.cloudinary.com/daffwdfvn/image/upload/v1714393189/accommodation_images/t6ishuwkpxqhzhwh1m8t.jpg"}}, {"model": "accommodations.accommodationimage", "pk": 25, "fields": {"accommodation": 3, "image": "https://res.cloudinary.com/daffwdfvn/image/upload/v1714393202/accommodation_images/hmktm5lkcypzgidc4ttw.jpg"}}, {"model": "accommodations.accommodationimage", "pk": 26, "fields": {"accommodation": 3, "image": "https://res.cloudinary.com/daffwdfvn/image/upload/v1714393225/accommodation_images/bayy7qvjgp0r8uvi9bbo.jpg"}}, {"model": "accommodations.accommodationimage", "pk": 27, "fields": {"accommodation": 3, "image": "https://res.cloudinary.com/daffwdfvn/image/upload/v1714393241/accommodation_images/e733fsxh6nlq2uqixgii.jpg"}}, {"model": "accommodations.accommodationimage", "pk": 28, "fields": {"accommodation": 3, "image": "https://res.cloudinary.com/daffwdfvn/image/upload/v1714393259/accommodation_images/wpzf86c7gzezinp72i2v.jpg"}}, {"model": "accommodations.accommodationimage", "pk": 29, "fields": {"accommodation": 3, "image": "https://res.cloudinary.com/daffwdfvn/image/upload/v1714393285/accommodation_images/y9qoyt00hfa4t70gzirv.jpg"}}, {"model": "accommodations.accommodationimage", "pk": 30, "fields": {"accommodation": 3, "image": "https://res.cloudinary.com/daffwdfvn/image/upload/v1714393298/accommodation_images/ewqi8sej1joz19hgr9ym.jpg"}}, {"model": "accommodations.accommodationimage", "pk": 31, "fields": {"accommodation": 4, "image": "https://res.cloudinary.com/daffwdfvn/image/upload/v1714393611/accommodation_images/x5ulqdb0a2gi8qask0qn.jpg"}}, {"model": "accommodations.accommodationimage", "pk": 32, "fields": {"accommodation": 4, "image": "https://res.cloudinary.com/daffwdfvn/image/upload/v1714393626/accommodation_images/z83xco0jyfn9sbdu9xbp.jpg"}}, {"model": "accommodations.accommodationimage", "pk": 33, "fields": {"accommodation": 4, "image": "https://res.cloudinary.com/daffwdfvn/image/upload/v1714393639/accommodation_images/p7k3zvaqwvdtywsq2gha.jpg"}}, {"model": "accommodations.accommodationimage", "pk": 34, "fields": {"accommodation": 4, "image": "https://res.cloudinary.com/daffwdfvn/image/upload/v1714393653/accommodation_images/ku7n2sd2nidbdhc7cc14.jpg"}}, {"model": "accommodations.accommodationimage", "pk": 35, "fields": {"accommodation": 4, "image": "https://res.cloudinary.com/daffwdfvn/image/upload/v1714393683/accommodation_images/ujngjliw1zr7p2sbcufg.jpg"}}, {"model": "accommodations.accommodationimage", "pk": 36, "fields": {"accommodation": 4, "image": "https://res.cloudinary.com/daffwdfvn/image/upload/v1714393696/accommodation_images/npkleznefd0mqog0ovi0.jpg"}}, {"model": "accommodations.accommodationimage", "pk": 37, "fields": {"accommodation": 4, "image": "https://res.cloudinary.com/daffwdfvn/image/upload/v1714393714/accommodation_images/uqoq5bkpjxhyfbyxga3n.jpg"}}, {"model": "accommodations.accommodationimage", "pk": 38, "fields": {"accommodation": 4, "image": "https://res.cloudinary.com/daffwdfvn/image/upload/v1714393738/accommodation_images/j9hgew3mlhbkzpxrjfjt.jpg"}}, {"model": "accommodations.accommodationimage", "pk": 39, "fields": {"accommodation": 4, "image": "https://res.cloudinary.com/daffwdfvn/image/upload/v1714393750/accommodation_images/gdgcffypspiqxwtfieem.jpg"}}, {"model": "accommodations.accommodationimage", "pk": 40, "fields": {"accommodation": 4, "image": "https://res.cloudinary.com/daffwdfvn/image/upload/v1714393763/accommodation_images/zzpxpbururbumzjbyvyv.jpg"}}, {"model": "accommodations.accommodationimage", "pk": 41, "fields": {"accommodation": 5, "image": "https://res.cloudinary.com/daffwdfvn/image/upload/v1714394170/accommodation_images/up4pokt5zkkkm7h6qsuo.jpg"}}, {"model": "accommodations.accommodationimage", "pk": 42, "fields": {"accommodation": 5, "image": "https://res.cloudinary.com/daffwdfvn/image/upload/v1714394187/accommodation_images/s8qqxohfjfcjpj0pccfg.jpg"}}, {"model": "accommodations.accommodationimage", "pk": 43, "fields": {"accommodation": 5, "image": "https://res.cloudinary.com/daffwdfvn/image/upload/v1714394199/accommodation_images/l0llqiyjayeyzonxrckl.jpg"}}, {"model": "accommodations.accommodationimage", "pk": 44, "fields": {"accommodation": 5, "image": "https://res.cloudinary.com/daffwdfvn/image/upload/v1714394210/accommodation_images/ylygsyhr8ebfrdwi59wt.jpg"}}, {"model": "accommodations.accommodationimage", "pk": 45, "fields": {"accommodation": 5, "image": "https://res.cloudinary.com/daffwdfvn/image/upload/v1714394221/accommodation_images/o2kajvxh3kvnskfbksgf.jpg"}}, {"model": "accommodations.accommodationimage", "pk": 46, "fields": {"accommodation": 5, "image": "https://res.cloudinary.com/daffwdfvn/image/upload/v1714394239/accommodation_images/pyykxwsa5uogq6yjfinv.jpg"}}, {"model": "accommodations.accommodationimage", "pk": 47, "fields": {"accommodation": 5, "image": "https://res.cloudinary.com/daffwdfvn/image/upload/v1714394252/accommodation_images/tetup8zct3wafafmhynm.jpg"}}, {"model": "accommodations.accommodationimage", "pk": 48, "fields": {"accommodation": 5, "image": "https://res.cloudinary.com/daffwdfvn/image/upload/v1714394274/accommodation_images/hogdltjncn15vqbpf5pv.jpg"}}, {"model": "accommodations.accommodationimage", "pk": 49, "fields": {"accommodation": 5, "image": "https://res.cloudinary.com/daffwdfvn/image/upload/v1714394295/accommodation_images/k2dstspxzlxhpyeqxcxf.jpg"}}, {"model": "accommodations.accommodationimage", "pk": 50, "fields": {"accommodation": 5, "image": "https://res.cloudinary.com/daffwdfvn/image/upload/v1714394319/accommodation_images/e40kth71fysntfshoohq.jpg"}}, {"model": "accommodations.accommodationimage", "pk": 51, "fields": {"accommodation": 6, "image": "https://res.cloudinary.com/daffwdfvn/image/upload/v1714394518/accommodation_images/q9cxerxvsydrnp8wupdp.jpg"}}, {"model": "accommodations.accommodationimage", "pk": 52, "fields": {"accommodation": 6, "image": "https://res.cloudinary.com/daffwdfvn/image/upload/v1714394535/accommodation_images/sw7r3ijg1hm1x3rllkwr.jpg"}}, {"model": "accommodations.accommodationimage", "pk": 53, "fields": {"accommodation": 6, "image": "https://res.cloudinary.com/daffwdfvn/image/upload/v1714394548/accommodation_images/qqz5nvq2a3xholu9oqwo.jpg"}}, {"model": "accommodations.accommodationimage", "pk": 54, "fields": {"accommodation": 6, "image": "https://res.cloudinary.com/daffwdfvn/image/upload/v1714394560/accommodation_images/mkeqhyytynhe2svd3aou.jpg"}}, {"model": "accommodations.accommodationimage", "pk": 55, "fields": {"accommodation": 6, "image": "https://res.cloudinary.com/daffwdfvn/image/upload/v1714394576/accommodation_images/wwrk9f2rllromhj1ynri.jpg"}}, {"model": "accommodations.accommodationimage", "pk": 56, "fields": {"accommodation": 6, "image": "https://res.cloudinary.com/daffwdfvn/image/upload/v1714394593/accommodation_images/tngozbg7l2r7lawq0lbk.jpg"}}, {"model": "accommodations.accommodationimage", "pk": 57, "fields": {"accommodation": 6, "image": "https://res.cloudinary.com/daffwdfvn/image/upload/v1714394608/accommodation_images/eorjr2b9wvryelkcbnnv.jpg"}}, {"model": "accommodations.accommodationimage", "pk": 58, "fields": {"accommodation": 6, "image": "https://res.cloudinary.com/daffwdfvn/image/upload/v1714394660/accommodation_images/lmudqme15iynhcjeiuwa.jpg"}}, {"model": "accommodations.accommodationimage", "pk": 59, "fields": {"accommodation": 6, "image": "https://res.cloudinary.com/daffwdfvn/image/upload/v1714394673/accommodation_images/tvu0veh7dszmj1xojhgn.jpg"}}, {"model": "accommodations.accommodationimage", "pk": 60, "fields": {"accommodation": 6, "image": "https://res.cloudinary.com/daffwdfvn/image/upload/v1714394687/accommodation_images/zjnes4wyetevokcjb6og.jpg"}}, {"model": "accommodations.accommodationimage", "pk": 61, "fields": {"accommodation": 7, "image": "https://res.cloudinary.com/daffwdfvn/image/upload/v1714476832/accommodation_images/e2niouip8s3kytyn23fs.jpg"}}, {"model": "accommodations.accommodationimage", "pk": 62, "fields": {"accommodation": 7, "image": "https://res.cloudinary.com/daffwdfvn/image/upload/v1714476838/accommodation_images/yddnrsll4rtivrejufjp.jpg"}}, {"model": "accommodations.accommodationimage", "pk": 63, "fields": {"accommodation": 7, "image": "https://res.cloudinary.com/daffwdfvn/image/upload/v1714476844/accommodation_images/wciolwgthwipg3t6rdhq.jpg"}}, {"model": "accommodations.accommodationimage", "pk": 64, "fields": {"accommodation": 7, "image": "https://res.cloudinary.com/daffwdfvn/image/upload/v1714476851/accommodation_images/y3x1nbs8f0m5gstruggd.jpg"}}, {"model": "accommodations.accommodationimage", "pk": 65, "fields": {"accommodation": 7, "image": "https://res.cloudinary.com/daffwdfvn/image/upload/v1714476856/accommodation_images/d12ohb1ybeaulinuoyof.jpg"}}, {"model": "accommodations.accommodationimage", "pk": 66, "fields": {"accommodation": 7, "image": "https://res.cloudinary.com/daffwdfvn/image/upload/v1714476862/accommodation_images/u9xfk51bwa1yfixojxvd.jpg"}}, {"model": "accommodations.accommodationimage", "pk": 67, "fields": {"accommodation": 7, "image": "https://res.cloudinary.com/daffwdfvn/image/upload/v1714476868/accommodation_images/jyndxaiqgpk4y2hx4yg0.jpg"}}, {"model": "accommodations.accommodationimage", "pk": 68, "fields": {"accommodation": 7, "image": "https://res.cloudinary.com/daffwdfvn/image/upload/v1714476874/accommodation_images/agfxzbrmw1lsugmn1igj.jpg"}}, {"model": "accommodations.accommodationimage", "pk": 69, "fields": {"accommodation": 7, "image": "https://res.cloudinary.com/daffwdfvn/image/upload/v1714476881/accommodation_images/xirn69cc3pan6fmth9oy.jpg"}}, {"model": "accommodations.accommodationimage", "pk": 70, "fields": {"accommodation": 7, "image": "https://res.cloudinary.com/daffwdfvn/image/upload/v1714476888/accommodation_images/u4wosyhk9yqgmbmeem9h.jpg"}}, {"model": "accommodations.accommodationimage", "pk": 71, "fields": {"accommodation": 8, "image": "https://res.cloudinary.com/daffwdfvn/image/upload/v1714477168/accommodation_images/rrffe1m0qovyru6m9oqa.jpg"}}, {"model": "accommodations.accommodationimage", "pk": 72, "fields": {"accommodation": 8, "image": "https://res.cloudinary.com/daffwdfvn/image/upload/v1714477174/accommodation_images/dfez2hpstcpsn6cc29bf.jpg"}}, {"model": "accommodations.accommodationimage", "pk": 73, "fields": {"accommodation": 8, "image": "https://res.cloudinary.com/daffwdfvn/image/upload/v1714477179/accommodation_images/yxzemp5zfkovukpudut4.jpg"}}, {"model": "accommodations.accommodationimage", "pk": 74, "fields": {"accommodation": 8, "image": "https://res.cloudinary.com/daffwdfvn/image/upload/v1714477185/accommodation_images/pm5iqef12ahnuxjdukxu.jpg"}}, {"model": "accommodations.accommodationimage", "pk": 75, "fields": {"accommodation": 8, "image": "https://res.cloudinary.com/daffwdfvn/image/upload/v1714477191/accommodation_images/itya2kaj62ovspjkq3es.jpg"}}, {"model": "accommodations.accommodationimage", "pk": 76, "fields": {"accommodation": 8, "image": "https://res.cloudinary.com/daffwdfvn/image/upload/v1714477199/accommodation_images/ylc52uwiu9kmygq67ajk.jpg"}}, {"model": "accommodations.accommodationimage", "pk": 77, "fields": {"accommodation": 8, "image": "https://res.cloudinary.com/daffwdfvn/image/upload/v1714477204/accommodation_images/fiiefyz3hcpxg5klrmk0.jpg"}}, {"model": "accommodations.accommodationimage", "pk": 78, "fields": {"accommodation": 8, "image": "https://res.cloudinary.com/daffwdfvn/image/upload/v1714477210/accommodation_images/s6tkfcjrs4grzudn6ftg.jpg"}}, {"model": "accommodations.accommodationimage", "pk": 79, "fields": {"accommodation": 8, "image": "https://res.cloudinary.com/daffwdfvn/image/upload/v1714477216/accommodation_images/slihbzuhfu4li3umkgzf.jpg"}}, {"model": "accommodations.accommodationimage", "pk": 80, "fields": {"accommodation": 8, "image": "https://res.cloudinary.com/daffwdfvn/image/upload/v1714477227/accommodation_images/mgp6dmdn105tagfpi4yd.jpg"}}, {"model": "accommodations.accommodationimage", "pk": 81, "fields": {"accommodation": 9, "image": "https://res.cloudinary.com/daffwdfvn/image/upload/v1714477426/accommodation_images/loz2zpijqxabnebplls8.jpg"}}, {"model": "accommodations.accommodationimage", "pk": 82, "fields": {"accommodation": 9, "image": "https://res.cloudinary.com/daffwdfvn/image/upload/v1714477433/accommodation_images/la8elxf3vgvqxak5vgpq.jpg"}}, {"model": "accommodations.accommodationimage", "pk": 83, "fields": {"accommodation": 9, "image": "https://res.cloudinary.com/daffwdfvn/image/upload/v1714477439/accommodation_images/jsjsppnucsah92mkdt3m.jpg"}}, {"model": "accommodations.accommodationimage", "pk": 84, "fields": {"accommodation": 9, "image": "https://res.cloudinary.com/daffwdfvn/image/upload/v1714477444/accommodation_images/txudjny1tqplegd1pcvr.jpg"}}, {"model": "accommodations.accommodationimage", "pk": 85, "fields": {"accommodation": 9, "image": "https://res.cloudinary.com/daffwdfvn/image/upload/v1714477450/accommodation_images/lmrpaxirugpnkgkxjag5.jpg"}}, {"model": "accommodations.accommodationimage", "pk": 86, "fields": {"accommodation": 9, "image": "https://res.cloudinary.com/daffwdfvn/image/upload/v1714477457/accommodation_images/g63pztdubxyngc2dhitk.jpg"}}, {"model": "accommodations.accommodationimage", "pk": 87, "fields": {"accommodation": 9, "image": "https://res.cloudinary.com/daffwdfvn/image/upload/v1714477464/accommodation_images/eoamattnfnzg7wpfkiuw.jpg"}}, {"model": "accommodations.accommodationimage", "pk": 88, "fields": {"accommodation": 9, "image": "https://res.cloudinary.com/daffwdfvn/image/upload/v1714477469/accommodation_images/omvrvb3upqsqwd6pzohq.jpg"}}, {"model": "accommodations.accommodationimage", "pk": 89, "fields": {"accommodation": 9, "image": "https://res.cloudinary.com/daffwdfvn/image/upload/v1714477475/accommodation_images/ddxnsgtcaoarzvjqurom.jpg"}}, {"model": "accommodations.accommodationimage", "pk": 90, "fields": {"accommodation": 9, "image": "https://res.cloudinary.com/daffwdfvn/image/upload/v1714477480/accommodation_images/gaw3imwplvsaouigpg8y.jpg"}}, {"model": "accommodations.accommodationimage", "pk": 91, "fields": {"accommodation": 10, "image": "https://res.cloudinary.com/daffwdfvn/image/upload/v1714477730/accommodation_images/qeeuhxwxxn7h8pvpnbjx.jpg"}}, {"model": "accommodations.accommodationimage", "pk": 92, "fields": {"accommodation": 10, "image": "https://res.cloudinary.com/daffwdfvn/image/upload/v1714477740/accommodation_images/a5thpe88dwkho10zee6z.jpg"}}, {"model": "accommodations.accommodationimage", "pk": 93, "fields": {"accommodation": 10, "image": "https://res.cloudinary.com/daffwdfvn/image/upload/v1714477746/accommodation_images/grls79c8sobo9yppf3ye.jpg"}}, {"model": "accommodations.accommodationimage", "pk": 94, "fields": {"accommodation": 10, "image": "https://res.cloudinary.com/daffwdfvn/image/upload/v1714477752/accommodation_images/uj2oi3wnzwg2n65t8nzn.jpg"}}, {"model": "accommodations.accommodationimage", "pk": 95, "fields": {"accommodation": 10, "image": "https://res.cloudinary.com/daffwdfvn/image/upload/v1714477760/accommodation_images/biw3g6ifqb6wlq5lalfp.jpg"}}, {"model": "accommodations.accommodationimage", "pk": 96, "fields": {"accommodation": 10, "image": "https://res.cloudinary.com/daffwdfvn/image/upload/v1714477766/accommodation_images/mooxrb1cezfndpmlfhjv.jpg"}}, {"model": "accommodations.accommodationimage", "pk": 97, "fields": {"accommodation": 10, "image": "https://res.cloudinary.com/daffwdfvn/image/upload/v1714477773/accommodation_images/f8dwoediz1p5awjthvor.jpg"}}, {"model": "accommodations.accommodationimage", "pk": 98, "fields": {"accommodation": 10, "image": "https://res.cloudinary.com/daffwdfvn/image/upload/v1714477779/accommodation_images/ljxadpulhl1p7afp5gv5.jpg"}}, {"model": "accommodations.accommodationimage", "pk": 99, "fields": {"accommodation": 10, "image": "https://res.cloudinary.com/daffwdfvn/image/upload/v1714477785/accommodation_images/jqfinjhy5n4pejq1zz9a.jpg"}}, {"model": "accommodations.accommodationimage", "pk": 100, "fields": {"accommodation": 10, "image": "https://res.cloudinary.com/daffwdfvn/image/upload/v1714477791/accommodation_images/xnbkasctrqucnpp4mxiz.jpg"}}, {"model": "accommodations.accommodationimage", "pk": 101, "fields": {"accommodation": 11, "image": "https://res.cloudinary.com/daffwdfvn/image/upload/v1714477933/accommodation_images/dqs122arxbedznnarx35.jpg"}}, {"model": "accommodations.accommodationimage", "pk": 102, "fields": {"accommodation": 11, "image": "https://res.cloudinary.com/daffwdfvn/image/upload/v1714477939/accommodation_images/vcqknrdiundgfjqz98a1.jpg"}}, {"model": "accommodations.accommodationimage", "pk": 103, "fields": {"accommodation": 11, "image": "https://res.cloudinary.com/daffwdfvn/image/upload/v1714477945/accommodation_images/fc9zjuu5wkp0xdvnygva.jpg"}}, {"model": "accommodations.accommodationimage", "pk": 104, "fields": {"accommodation": 11, "image": "https://res.cloudinary.com/daffwdfvn/image/upload/v1714477951/accommodation_images/j4pj2bnnu5jqpxxtqorb.jpg"}}, {"model": "accommodations.accommodationimage", "pk": 105, "fields": {"accommodation": 11, "image": "https://res.cloudinary.com/daffwdfvn/image/upload/v1714477958/accommodation_images/tubwxyxv5rczyv4lnfas.jpg"}}, {"model": "accommodations.accommodationimage", "pk": 106, "fields": {"accommodation": 11, "image": "https://res.cloudinary.com/daffwdfvn/image/upload/v1714477963/accommodation_images/y1zsu8vjz5vazjxp1ovr.jpg"}}, {"model": "accommodations.accommodationimage", "pk": 107, "fields": {"accommodation": 11, "image": "https://res.cloudinary.com/daffwdfvn/image/upload/v1714477969/accommodation_images/kfha5ed2ogqtndp4jemn.jpg"}}, {"model": "accommodations.accommodationimage", "pk": 108, "fields": {"accommodation": 11, "image": "https://res.cloudinary.com/daffwdfvn/image/upload/v1714477975/accommodation_images/nie74nwmgspo4xsdcwle.jpg"}}, {"model": "accommodations.accommodationimage", "pk": 109, "fields": {"accommodation": 11, "image": "https://res.cloudinary.com/daffwdfvn/image/upload/v1714477980/accommodation_images/cmnrbc9lxrxnhhz1zcj3.jpg"}}, {"model": "accommodations.accommodationimage", "pk": 110, "fields": {"accommodation": 11, "image": "https://res.cloudinary.com/daffwdfvn/image/upload/v1714477989/accommodation_images/zgt2jbi2ahzfob2qjnvg.jpg"}}, {"model": "accommodations.accommodationimage", "pk": 111, "fields": {"accommodation": 12, "image": "https://res.cloudinary.com/daffwdfvn/image/upload/v1714478156/accommodation_images/w5tf3ogzi1zvehpgda97.jpg"}}, {"model": "accommodations.accommodationimage", "pk": 112, "fields": {"accommodation": 12, "image": "https://res.cloudinary.com/daffwdfvn/image/upload/v1714478162/accommodation_images/lw7foodgqhzp7arjk4ey.jpg"}}, {"model": "accommodations.accommodationimage", "pk": 113, "fields": {"accommodation": 12, "image": "https://res.cloudinary.com/daffwdfvn/image/upload/v1714478167/accommodation_images/ivn8dmrsginfiiymctkt.jpg"}}, {"model": "accommodations.accommodationimage", "pk": 114, "fields": {"accommodation": 12, "image": "https://res.cloudinary.com/daffwdfvn/image/upload/v1714478172/accommodation_images/gmky52eqahkzefjepo52.jpg"}}, {"model": "accommodations.accommodationimage", "pk": 115, "fields": {"accommodation": 12, "image": "https://res.cloudinary.com/daffwdfvn/image/upload/v1714478179/accommodation_images/hfotczzwik95pre3la2b.jpg"}}, {"model": "accommodations.accommodationimage", "pk": 116, "fields": {"accommodation": 12, "image": "https://res.cloudinary.com/daffwdfvn/image/upload/v1714478187/accommodation_images/txtg43k6py4qa8ou0vch.jpg"}}, {"model": "accommodations.accommodationimage", "pk": 117, "fields": {"accommodation": 12, "image": "https://res.cloudinary.com/daffwdfvn/image/upload/v1714478193/accommodation_images/rnh1zohqwj4nl2gg9sjb.jpg"}}, {"model": "accommodations.accommodationimage", "pk": 118, "fields": {"accommodation": 12, "image": "https://res.cloudinary.com/daffwdfvn/image/upload/v1714478199/accommodation_images/rtlf7kmw6zp69itcccsl.jpg"}}, {"model": "accommodations.accommodationimage", "pk": 119, "fields": {"accommodation": 12, "image": "https://res.cloudinary.com/daffwdfvn/image/upload/v1714478207/accommodation_images/tvruhpjfftux8e5a5fvj.jpg"}}, {"model": "accommodations.accommodationimage", "pk": 120, "fields": {"accommodation": 12, "image": "https://res.cloudinary.com/daffwdfvn/image/upload/v1714478212/accommodation_images/s6tnrorsmldbbbpnx1dr.jpg"}}, {"model": "accommodations.accommodationimage", "pk": 121, "fields": {"accommodation": 13, "image": "https://res.cloudinary.com/daffwdfvn/image/upload/v1714643944/accommodation_images/pzorqctppt0ibluinl2v.jpg"}}, {"model": "accommodations.accommodationimage", "pk": 122, "fields": {"accommodation": 13, "image": "https://res.cloudinary.com/daffwdfvn/image/upload/v1714643950/accommodation_images/j00nnozas5lv8viudfr3.jpg"}}, {"model": "accommodations.accommodationimage", "pk": 123, "fields": {"accommodation": 13, "image": "https://res.cloudinary.com/daffwdfvn/image/upload/v1714643956/accommodation_images/dfkvmqiwnyro30ttrxzi.jpg"}}, {"model": "accommodations.accommodationimage", "pk": 124, "fields": {"accommodation": 13, "image": "https://res.cloudinary.com/daffwdfvn/image/upload/v1714643963/accommodation_images/da3zldodeapdvghvgrlu.jpg"}}, {"model": "accommodations.accommodationimage", "pk": 125, "fields": {"accommodation": 13, "image": "https://res.cloudinary.com/daffwdfvn/image/upload/v1714643971/accommodation_images/rt3xsva4fnxdvrlmltop.jpg"}}, {"model": "accommodations.accommodationimage", "pk": 126, "fields": {"accommodation": 13, "image": "https://res.cloudinary.com/daffwdfvn/image/upload/v1714643976/accommodation_images/yax6qkemcbwmg6ho0j6b.jpg"}}, {"model": "accommodations.accommodationimage", "pk": 127, "fields": {"accommodation": 13, "image": "https://res.cloudinary.com/daffwdfvn/image/upload/v1714643981/accommodation_images/mrheml4ycndhnpt4edgx.jpg"}}, {"model": "accommodations.accommodationimage", "pk": 128, "fields": {"accommodation": 13, "image": "https://res.cloudinary.com/daffwdfvn/image/upload/v1714643987/accommodation_images/k5svxokju1ponp2vu16l.jpg"}}, {"model": "accommodations.accommodationimage", "pk": 129, "fields": {"accommodation": 13, "image": "https://res.cloudinary.com/daffwdfvn/image/upload/v1714643993/accommodation_images/nkdcg8kzngyihlta2qnh.jpg"}}, {"model": "accommodations.accommodationimage", "pk": 130, "fields": {"accommodation": 13, "image": "https://res.cloudinary.com/daffwdfvn/image/upload/v1714643998/accommodation_images/jf5wkmw3rsrmvngjrvnl.jpg"}}, {"model": "accommodations.accommodationimage", "pk": 131, "fields": {"accommodation": 14, "image": "https://res.cloudinary.com/daffwdfvn/image/upload/v1714644176/accommodation_images/hywzaxgnlkleczmtwfry.jpg"}}, {"model": "accommodations.accommodationimage", "pk": 132, "fields": {"accommodation": 14, "image": "https://res.cloudinary.com/daffwdfvn/image/upload/v1714644181/accommodation_images/werwbjbkk2atyeggfeic.jpg"}}, {"model": "accommodations.accommodationimage", "pk": 133, "fields": {"accommodation": 14, "image": "https://res.cloudinary.com/daffwdfvn/image/upload/v1714644187/accommodation_images/vkcqn3eq3rrof91tijoh.jpg"}}, {"model": "accommodations.accommodationimage", "pk": 134, "fields": {"accommodation": 14, "image": "https://res.cloudinary.com/daffwdfvn/image/upload/v1714644194/accommodation_images/n7h1v1jojhz9jumyehde.jpg"}}, {"model": "accommodations.accommodationimage", "pk": 135, "fields": {"accommodation": 14, "image": "https://res.cloudinary.com/daffwdfvn/image/upload/v1714644199/accommodation_images/budsk1qurfjc6td10e6w.jpg"}}, {"model": "accommodations.accommodationimage", "pk": 136, "fields": {"accommodation": 14, "image": "https://res.cloudinary.com/daffwdfvn/image/upload/v1714644205/accommodation_images/m0ecznjqoyknvum6oaci.jpg"}}, {"model": "accommodations.accommodationimage", "pk": 137, "fields": {"accommodation": 14, "image": "https://res.cloudinary.com/daffwdfvn/image/upload/v1714644210/accommodation_images/g3kz0wwwxucpi3rngy2f.jpg"}}, {"model": "accommodations.accommodationimage", "pk": 138, "fields": {"accommodation": 14, "image": "https://res.cloudinary.com/daffwdfvn/image/upload/v1714644229/accommodation_images/qdkvulge7vzrkxnzq5ml.jpg"}}, {"model": "accommodations.accommodationimage", "pk": 139, "fields": {"accommodation": 14, "image": "https://res.cloudinary.com/daffwdfvn/image/upload/v1714644234/accommodation_images/n5qnqpno4j6b2zvg0kp1.jpg"}}, {"model": "accommodations.accommodationimage", "pk": 140, "fields": {"accommodation": 14, "image": "https://res.cloudinary.com/daffwdfvn/image/upload/v1714644240/accommodation_images/t4qbyntono7gngp3k0kh.jpg"}}, {"model": "accommodations.accommodationimage", "pk": 141, "fields": {"accommodation": 15, "image": "https://res.cloudinary.com/daffwdfvn/image/upload/v1714644391/accommodation_images/cm6ker13deat1m6dviia.jpg"}}, {"model": "accommodations.accommodationimage", "pk": 142, "fields": {"accommodation": 15, "image": "https://res.cloudinary.com/daffwdfvn/image/upload/v1714644397/accommodation_images/eyvpzn7xd6nbq0lctnq6.jpg"}}, {"model": "accommodations.accommodationimage", "pk": 143, "fields": {"accommodation": 15, "image": "https://res.cloudinary.com/daffwdfvn/image/upload/v1714644404/accommodation_images/fquupsrzqyejkzaoaysw.jpg"}}, {"model": "accommodations.accommodationimage", "pk": 144, "fields": {"accommodation": 15, "image": "https://res.cloudinary.com/daffwdfvn/image/upload/v1714644409/accommodation_images/oexeohaly0qg7wmypct6.jpg"}}, {"model": "accommodations.accommodationimage", "pk": 145, "fields": {"accommodation": 15, "image": "https://res.cloudinary.com/daffwdfvn/image/upload/v1714644415/accommodation_images/fgxbdr27l4rhfz1ridfh.jpg"}}, {"model": "accommodations.accommodationimage", "pk": 146, "fields": {"accommodation": 15, "image": "https://res.cloudinary.com/daffwdfvn/image/upload/v1714644421/accommodation_images/vrnpssuelqvkanjirhj3.jpg"}}, {"model": "accommodations.accommodationimage", "pk": 147, "fields": {"accommodation": 15, "image": "https://res.cloudinary.com/daffwdfvn/image/upload/v1714644426/accommodation_images/zrmqimw1gmlze4nt3gb0.jpg"}}, {"model": "accommodations.accommodationimage", "pk": 148, "fields": {"accommodation": 15, "image": "https://res.cloudinary.com/daffwdfvn/image/upload/v1714644431/accommodation_images/rtt6agxgnjozvcbh2850.jpg"}}, {"model": "accommodations.accommodationimage", "pk": 149, "fields": {"accommodation": 15, "image": "https://res.cloudinary.com/daffwdfvn/image/upload/v1714644437/accommodation_images/cyimou5mqcisemglz9so.jpg"}}, {"model": "accommodations.accommodationimage", "pk": 150, "fields": {"accommodation": 16, "image": "https://res.cloudinary.com/daffwdfvn/image/upload/v1714644593/accommodation_images/roh0m9rnpes7qihbwagv.jpg"}}, {"model": "accommodations.accommodationimage", "pk": 151, "fields": {"accommodation": 16, "image": "https://res.cloudinary.com/daffwdfvn/image/upload/v1714644598/accommodation_images/svizcv5rz4jbyhjr383d.jpg"}}, {"model": "accommodations.accommodationimage", "pk": 152, "fields": {"accommodation": 16, "image": "https://res.cloudinary.com/daffwdfvn/image/upload/v1714644604/accommodation_images/hezxzulfyujhq0jtkdcj.jpg"}}, {"model": "accommodations.accommodationimage", "pk": 153, "fields": {"accommodation": 16, "image": "https://res.cloudinary.com/daffwdfvn/image/upload/v1714644609/accommodation_images/w4qs7kn9dmasz8bf8ezq.jpg"}}, {"model": "accommodations.accommodationimage", "pk": 154, "fields": {"accommodation": 16, "image": "https://res.cloudinary.com/daffwdfvn/image/upload/v1714644614/accommodation_images/kkiat17eebtn7dp16ych.jpg"}}, {"model": "accommodations.accommodationimage", "pk": 155, "fields": {"accommodation": 16, "image": "https://res.cloudinary.com/daffwdfvn/image/upload/v1714644620/accommodation_images/gxuvqoddmibeedwdhjaz.jpg"}}, {"model": "accommodations.accommodationimage", "pk": 156, "fields": {"accommodation": 16, "image": "https://res.cloudinary.com/daffwdfvn/image/upload/v1714644627/accommodation_images/t4qsbx7tvamvfacwgvt5.jpg"}}, {"model": "accommodations.accommodationimage", "pk": 157, "fields": {"accommodation": 16, "image": "https://res.cloudinary.com/daffwdfvn/image/upload/v1714644633/accommodation_images/pvyshiybchorgboglbok.jpg"}}, {"model": "accommodations.accommodationimage", "pk": 158, "fields": {"accommodation": 16, "image": "https://res.cloudinary.com/daffwdfvn/image/upload/v1714644650/accommodation_images/am3x3kznu5qndejmlin9.jpg"}}, {"model": "accommodations.accommodationimage", "pk": 159, "fields": {"accommodation": 16, "image": "https://res.cloudinary.com/daffwdfvn/image/upload/v1714644655/accommodation_images/owodoldihogskuktsfjf.jpg"}}, {"model": "accommodations.accommodationimage", "pk": 160, "fields": {"accommodation": 17, "image": "https://res.cloudinary.com/daffwdfvn/image/upload/v1714644859/accommodation_images/xnp41w1t5zgrny94a6mb.jpg"}}, {"model": "accommodations.accommodationimage", "pk": 161, "fields": {"accommodation": 17, "image": "https://res.cloudinary.com/daffwdfvn/image/upload/v1714644869/accommodation_images/jh5k011wki93dlnbs2eb.jpg"}}, {"model": "accommodations.accommodationimage", "pk": 162, "fields": {"accommodation": 17, "image": "https://res.cloudinary.com/daffwdfvn/image/upload/v1714644874/accommodation_images/vwkwsa5q9dozbvmuvnm0.jpg"}}, {"model": "accommodations.accommodationimage", "pk": 163, "fields": {"accommodation": 17, "image": "https://res.cloudinary.com/daffwdfvn/image/upload/v1714644879/accommodation_images/mt2evlmufcx2qnb9rrxd.jpg"}}, {"model": "accommodations.accommodationimage", "pk": 164, "fields": {"accommodation": 17, "image": "https://res.cloudinary.com/daffwdfvn/image/upload/v1714644884/accommodation_images/ycizhptaagrxkdmln7pi.jpg"}}, {"model": "accommodations.accommodationimage", "pk": 165, "fields": {"accommodation": 17, "image": "https://res.cloudinary.com/daffwdfvn/image/upload/v1714644889/accommodation_images/cfzn7ihyo4tyhva9ajkn.jpg"}}, {"model": "accommodations.accommodationimage", "pk": 166, "fields": {"accommodation": 18, "image": "https://res.cloudinary.com/daffwdfvn/image/upload/v1714645066/accommodation_images/zgirhsh5sysc6dsv0epe.jpg"}}, {"model": "accommodations.accommodationimage", "pk": 167, "fields": {"accommodation": 18, "image": "https://res.cloudinary.com/daffwdfvn/image/upload/v1714645072/accommodation_images/fx2p4eebqra1ozvzj0xe.jpg"}}, {"model": "accommodations.accommodationimage", "pk": 168, "fields": {"accommodation": 18, "image": "https://res.cloudinary.com/daffwdfvn/image/upload/v1714645076/accommodation_images/isr4r4ij9ugoackgakye.jpg"}}, {"model": "accommodations.accommodationimage", "pk": 169, "fields": {"accommodation": 18, "image": "https://res.cloudinary.com/daffwdfvn/image/upload/v1714645082/accommodation_images/sjdfabdzxryxybmfct52.jpg"}}, {"model": "accommodations.accommodationimage", "pk": 170, "fields": {"accommodation": 18, "image": "https://res.cloudinary.com/daffwdfvn/image/upload/v1714645087/accommodation_images/ejw46yoxkorud69eavgs.jpg"}}, {"model": "accommodations.accommodationimage", "pk": 171, "fields": {"accommodation": 18, "image": "https://res.cloudinary.com/daffwdfvn/image/upload/v1714645092/accommodation_images/xualhx0cfyixmjws2rwi.jpg"}}, {"model": "accommodations.accommodationimage", "pk": 172, "fields": {"accommodation": 18, "image": "https://res.cloudinary.com/daffwdfvn/image/upload/v1714645097/accommodation_images/frik8tnbba2pp0htsrtu.jpg"}}, {"model": "accommodations.accommodationimage", "pk": 173, "fields": {"accommodation": 18, "image": "https://res.cloudinary.com/daffwdfvn/image/upload/v1714645104/accommodation_images/ott243ief9ueyygmfy7d.jpg"}}, {"model": "accommodations.accommodationimage", "pk": 175, "fields": {"accommodation": 18, "image": "https://res.cloudinary.com/daffwdfvn/image/upload/v1714645121/accommodation_images/yzwve1iq7gl9t0boqob4.jpg"}}, {"model": "accommodations.accommodationimage", "pk": 176, "fields": {"accommodation": 18, "image": "https://res.cloudinary.com/daffwdfvn/image/upload/v1714645139/accommodation_images/dzk5xc7h8goyhsq1a3ez.jpg"}}, {"model": "accommodations.accommodationimage", "pk": 177, "fields": {"accommodation": 19, "image": "https://res.cloudinary.com/daffwdfvn/image/upload/v1714645372/accommodation_images/r9htmvhtwpbzmgui5xkq.jpg"}}, {"model": "accommodations.accommodationimage", "pk": 178, "fields": {"accommodation": 19, "image": "https://res.cloudinary.com/daffwdfvn/image/upload/v1714645377/accommodation_images/amke33agpskybnnvdx3v.jpg"}}, {"model": "accommodations.accommodationimage", "pk": 179, "fields": {"accommodation": 19, "image": "https://res.cloudinary.com/daffwdfvn/image/upload/v1714645382/accommodation_images/hfzgl4djfsos0glsk554.jpg"}}, {"model": "accommodations.accommodationimage", "pk": 180, "fields": {"accommodation": 19, "image": "https://res.cloudinary.com/daffwdfvn/image/upload/v1714645387/accommodation_images/csqpimvtffeuukjb3jyh.jpg"}}, {"model": "accommodations.accommodationimage", "pk": 181, "fields": {"accommodation": 19, "image": "https://res.cloudinary.com/daffwdfvn/image/upload/v1714645393/accommodation_images/mnquxxtaj6tn47kznbqh.jpg"}}, {"model": "accommodations.accommodationimage", "pk": 182, "fields": {"accommodation": 19, "image": "https://res.cloudinary.com/daffwdfvn/image/upload/v1714645399/accommodation_images/qtay9y5c3t9g7xxb8ncw.jpg"}}, {"model": "accommodations.accommodationimage", "pk": 183, "fields": {"accommodation": 19, "image": "https://res.cloudinary.com/daffwdfvn/image/upload/v1714645404/accommodation_images/zgszlxcank4q9qmwqhyn.jpg"}}, {"model": "accommodations.accommodationimage", "pk": 184, "fields": {"accommodation": 19, "image": "https://res.cloudinary.com/daffwdfvn/image/upload/v1714645409/accommodation_images/tgvumynp8q6ebl8dt4lk.jpg"}}, {"model": "accommodations.accommodationimage", "pk": 185, "fields": {"accommodation": 19, "image": "https://res.cloudinary.com/daffwdfvn/image/upload/v1714645414/accommodation_images/p5nplcl2lsd5kxg3nyt4.jpg"}}, {"model": "accommodations.accommodationimage", "pk": 186, "fields": {"accommodation": 19, "image": "https://res.cloudinary.com/daffwdfvn/image/upload/v1714645420/accommodation_images/odgnsdth3mxljbnecpz4.jpg"}}, {"model": "accommodations.accommodationimage", "pk": 187, "fields": {"accommodation": 20, "image": "https://res.cloudinary.com/daffwdfvn/image/upload/v1714645630/accommodation_images/wdcokoxbth6kgxslhpb3.jpg"}}, {"model": "accommodations.accommodationimage", "pk": 188, "fields": {"accommodation": 20, "image": "https://res.cloudinary.com/daffwdfvn/image/upload/v1714645637/accommodation_images/jdgqng6kjyxwojbsrfw7.jpg"}}, {"model": "accommodations.accommodationimage", "pk": 189, "fields": {"accommodation": 20, "image": "https://res.cloudinary.com/daffwdfvn/image/upload/v1714645643/accommodation_images/g8cvh2ptl4wtkaoathhj.jpg"}}, {"model": "accommodations.accommodationimage", "pk": 190, "fields": {"accommodation": 20, "image": "https://res.cloudinary.com/daffwdfvn/image/upload/v1714645657/accommodation_images/g0ngussjvgwzqpygj9c1.jpg"}}, {"model": "accommodations.accommodationimage", "pk": 191, "fields": {"accommodation": 20, "image": "https://res.cloudinary.com/daffwdfvn/image/upload/v1714645662/accommodation_images/wbhkjjtl8g38f8xdg6nq.jpg"}}, {"model": "accommodations.accommodationimage", "pk": 192, "fields": {"accommodation": 20, "image": "https://res.cloudinary.com/daffwdfvn/image/upload/v1714645668/accommodation_images/qt6yrxarccakaoq8wvzk.jpg"}}, {"model": "accommodations.accommodationimage", "pk": 193, "fields": {"accommodation": 20, "image": "https://res.cloudinary.com/daffwdfvn/image/upload/v1714645673/accommodation_images/lncp3n09djqcry9zd3wa.jpg"}}, {"model": "accommodations.accommodationimage", "pk": 194, "fields": {"accommodation": 20, "image": "https://res.cloudinary.com/daffwdfvn/image/upload/v1714645679/accommodation_images/ffmsfnhjqzbs6nl5m8sn.jpg"}}, {"model": "accommodations.accommodationimage", "pk": 195, "fields": {"accommodation": 20, "image": "https://res.cloudinary.com/daffwdfvn/image/upload/v1714645685/accommodation_images/gjbvxm1rno6ejek817k9.jpg"}}, {"model": "accommodations.accommodationimage", "pk": 196, "fields": {"accommodation": 20, "image": "https://res.cloudinary.com/daffwdfvn/image/upload/v1714645692/accommodation_images/cl78gsp82yphxwf5hhlt.jpg"}}, {"model": "accommodations.accommodationimage", "pk": 197, "fields": {"accommodation": 21, "image": "https://res.cloudinary.com/daffwdfvn/image/upload/v1714646039/accommodation_images/n9sxpct4ww4ygsre0uyd.jpg"}}, {"model": "accommodations.accommodationimage", "pk": 198, "fields": {"accommodation": 21, "image": "https://res.cloudinary.com/daffwdfvn/image/upload/v1714646045/accommodation_images/l8mgfdqrban7c7o99say.jpg"}}, {"model": "accommodations.accommodationimage", "pk": 199, "fields": {"accommodation": 21, "image": "https://res.cloudinary.com/daffwdfvn/image/upload/v1714646052/accommodation_images/k4tehykw5n4jmpewahcu.jpg"}}, {"model": "accommodations.accommodationimage", "pk": 200, "fields": {"accommodation": 21, "image": "https://res.cloudinary.com/daffwdfvn/image/upload/v1714646058/accommodation_images/saykqkkbraitx0czftnx.jpg"}}, {"model": "accommodations.accommodationimage", "pk": 201, "fields": {"accommodation": 21, "image": "https://res.cloudinary.com/daffwdfvn/image/upload/v1714646064/accommodation_images/w7et0puylotuzoo8gbzo.jpg"}}, {"model": "accommodations.accommodationimage", "pk": 202, "fields": {"accommodation": 21, "image": "https://res.cloudinary.com/daffwdfvn/image/upload/v1714646072/accommodation_images/hwx1d5dozctixcozhwwt.jpg"}}, {"model": "accommodations.accommodationimage", "pk": 203, "fields": {"accommodation": 21, "image": "https://res.cloudinary.com/daffwdfvn/image/upload/v1714646078/accommodation_images/lso2bkv45rebqg2mmy4k.jpg"}}, {"model": "accommodations.accommodationimage", "pk": 204, "fields": {"accommodation": 21, "image": "https://res.cloudinary.com/daffwdfvn/image/upload/v1714646083/accommodation_images/zis8vsd5cbsuohwtz9ua.jpg"}}, {"model": "accommodations.accommodationimage", "pk": 205, "fields": {"accommodation": 21, "image": "https://res.cloudinary.com/daffwdfvn/image/upload/v1714646088/accommodation_images/mafb8zk4nckghqd85l60.jpg"}}, {"model": "accommodations.accommodationimage", "pk": 206, "fields": {"accommodation": 21, "image": "https://res.cloudinary.com/daffwdfvn/image/upload/v1714646097/accommodation_images/kiarc1xlkjxv7rav3fvm.jpg"}}, {"model": "accommodations.accommodationimage", "pk": 207, "fields": {"accommodation": 22, "image": "https://res.cloudinary.com/daffwdfvn/image/upload/v1714646279/accommodation_images/wdr7irrrxbsdkoixqmny.jpg"}}, {"model": "accommodations.accommodationimage", "pk": 208, "fields": {"accommodation": 22, "image": "https://res.cloudinary.com/daffwdfvn/image/upload/v1714646314/accommodation_images/oeoc1co9r3gxwdvwx9kr.jpg"}}, {"model": "accommodations.accommodationimage", "pk": 209, "fields": {"accommodation": 22, "image": "https://res.cloudinary.com/daffwdfvn/image/upload/v1714646319/accommodation_images/eimbovlgzzkikskgl01z.jpg"}}, {"model": "accommodations.accommodationimage", "pk": 210, "fields": {"accommodation": 22, "image": "https://res.cloudinary.com/daffwdfvn/image/upload/v1714646325/accommodation_images/tjkvacp1qvq0gubig9ps.jpg"}}, {"model": "accommodations.accommodationimage", "pk": 211, "fields": {"accommodation": 22, "image": "https://res.cloudinary.com/daffwdfvn/image/upload/v1714646330/accommodation_images/gjgws1axrzceymyh15gg.jpg"}}, {"model": "accommodations.accommodationimage", "pk": 212, "fields": {"accommodation": 22, "image": "https://res.cloudinary.com/daffwdfvn/image/upload/v1714646336/accommodation_images/mwwibjamhupkapngystg.jpg"}}, {"model": "accommodations.accommodationimage", "pk": 213, "fields": {"accommodation": 22, "image": "https://res.cloudinary.com/daffwdfvn/image/upload/v1714646342/accommodation_images/zlka07i5iyulyopbqk4q.jpg"}}, {"model": "accommodations.accommodationimage", "pk": 214, "fields": {"accommodation": 22, "image": "https://res.cloudinary.com/daffwdfvn/image/upload/v1714646347/accommodation_images/jtveca69r2uehun15buz.jpg"}}, {"model": "accommodations.accommodationimage", "pk": 215, "fields": {"accommodation": 22, "image": "https://res.cloudinary.com/daffwdfvn/image/upload/v1714646354/accommodation_images/kz1vmhegqfjuujmd5nr0.jpg"}}, {"model": "accommodations.accommodationimage", "pk": 216, "fields": {"accommodation": 22, "image": "https://res.cloudinary.com/daffwdfvn/image/upload/v1714646359/accommodation_images/eiugznckz36heuvbdfvw.jpg"}}, {"model": "accommodations.accommodationimage", "pk": 217, "fields": {"accommodation": 23, "image": "https://res.cloudinary.com/daffwdfvn/image/upload/v1714646565/accommodation_images/lpf3drrndq2a0jhoaego.jpg"}}, {"model": "accommodations.accommodationimage", "pk": 218, "fields": {"accommodation": 23, "image": "https://res.cloudinary.com/daffwdfvn/image/upload/v1714646573/accommodation_images/n2jvnnantpnvhkspc1ts.jpg"}}, {"model": "accommodations.accommodationimage", "pk": 219, "fields": {"accommodation": 23, "image": "https://res.cloudinary.com/daffwdfvn/image/upload/v1714646580/accommodation_images/bgq7aj2swctlyx6p5s1o.jpg"}}, {"model": "accommodations.accommodationimage", "pk": 220, "fields": {"accommodation": 23, "image": "https://res.cloudinary.com/daffwdfvn/image/upload/v1714646586/accommodation_images/ehzvzocismnd30hiqxcl.jpg"}}, {"model": "accommodations.accommodationimage", "pk": 221, "fields": {"accommodation": 23, "image": "https://res.cloudinary.com/daffwdfvn/image/upload/v1714646592/accommodation_images/oxocqzemreq364nyyogn.jpg"}}, {"model": "accommodations.accommodationimage", "pk": 222, "fields": {"accommodation": 23, "image": "https://res.cloudinary.com/daffwdfvn/image/upload/v1714646597/accommodation_images/d0nxabs6iyogapdyhzub.jpg"}}, {"model": "accommodations.accommodationimage", "pk": 223, "fields": {"accommodation": 23, "image": "https://res.cloudinary.com/daffwdfvn/image/upload/v1714646603/accommodation_images/w2uhdkizom7wrsohukuo.jpg"}}, {"model": "accommodations.accommodationimage", "pk": 224, "fields": {"accommodation": 23, "image": "https://res.cloudinary.com/daffwdfvn/image/upload/v1714646609/accommodation_images/ku2hlu0bzaxh31setnq7.jpg"}}, {"model": "accommodations.accommodationimage", "pk": 225, "fields": {"accommodation": 23, "image": "https://res.cloudinary.com/daffwdfvn/image/upload/v1714646616/accommodation_images/eg3uvsws7xuqrnbnlrb5.jpg"}}, {"model": "accommodations.accommodationimage", "pk": 226, "fields": {"accommodation": 23, "image": "https://res.cloudinary.com/daffwdfvn/image/upload/v1714646622/accommodation_images/is3seq1f1sfoxs4yrnfx.jpg"}}, {"model": "accommodations.accommodationimage", "pk": 227, "fields": {"accommodation": 24, "image": "https://res.cloudinary.com/daffwdfvn/image/upload/v1714646842/accommodation_images/ngod2jydl2iyx340pnra.jpg"}}, {"model": "accommodations.accommodationimage", "pk": 228, "fields": {"accommodation": 24, "image": "https://res.cloudinary.com/daffwdfvn/image/upload/v1714646859/accommodation_images/hnsacg5trfzrhms5lbno.jpg"}}, {"model": "accommodations.accommodationimage", "pk": 229, "fields": {"accommodation": 24, "image": "https://res.cloudinary.com/daffwdfvn/image/upload/v1714646865/accommodation_images/z1brzzuaiwnow1arqauf.jpg"}}, {"model": "accommodations.accommodationimage", "pk": 230, "fields": {"accommodation": 24, "image": "https://res.cloudinary.com/daffwdfvn/image/upload/v1714646869/accommodation_images/cjteodorknsymvuu5cz4.jpg"}}, {"model": "accommodations.accommodationimage", "pk": 231, "fields": {"accommodation": 24, "image": "https://res.cloudinary.com/daffwdfvn/image/upload/v1714646874/accommodation_images/ikpsv1dpln828mhhsrhe.jpg"}}, {"model": "accommodations.accommodationimage", "pk": 232, "fields": {"accommodation": 24, "image": "https://res.cloudinary.com/daffwdfvn/image/upload/v1714646879/accommodation_images/zjfwpbxukocqceaqob4t.jpg"}}, {"model": "accommodations.accommodationimage", "pk": 233, "fields": {"accommodation": 24, "image": "https://res.cloudinary.com/daffwdfvn/image/upload/v1714646885/accommodation_images/oci6gvjzrrajmoyuxsih.jpg"}}, {"model": "accommodations.accommodationimage", "pk": 234, "fields": {"accommodation": 24, "image": "https://res.cloudinary.com/daffwdfvn/image/upload/v1714646890/accommodation_images/dmofdn9ghcjknpcimivp.jpg"}}, {"model": "accommodations.accommodationimage", "pk": 235, "fields": {"accommodation": 24, "image": "https://res.cloudinary.com/daffwdfvn/image/upload/v1714646895/accommodation_images/ywhjlv7w7l7ofbjgyj7o.jpg"}}, {"model": "accommodations.accommodationimage", "pk": 236, "fields": {"accommodation": 24, "image": "https://res.cloudinary.com/daffwdfvn/image/upload/v1714646900/accommodation_images/pybyif9saqbal3seo0ex.jpg"}}, {"model": "accommodations.staydate", "pk": 26, "fields": {"accommodation": 1, "start_date": "2024-05-08", "end_date": "2027-07-23"}}, {"model": "accommodations.staydate", "pk": 27, "fields": {"accommodation": 2, "start_date": "2024-05-08", "end_date": "2027-07-23"}}, {"model": "accommodations.staydate", "pk": 28, "fields": {"accommodation": 3, "start_date": "2024-05-08", "end_date": "2027-07-23"}}, {"model": "accommodations.staydate", "pk": 29, "fields": {"accommodation": 4, "start_date": "2024-05-08", "end_date": "2027-07-23"}}, {"model": "accommodations.staydate", "pk": 30, "fields": {"accommodation": 5, "start_date": "2024-05-08", "end_date": "2027-07-23"}}, {"model": "accommodations.staydate", "pk": 31, "fields": {"accommodation": 6, "start_date": "2024-05-08", "end_date": "2027-07-23"}}, {"model": "accommodations.staydate", "pk": 32, "fields": {"accommodation": 7, "start_date": "2024-05-08", "end_date": "2027-07-23"}}, {"model": "accommodations.staydate", "pk": 33, "fields": {"accommodation": 8, "start_date": "2024-05-08", "end_date": "2027-07-23"}}, {"model": "accommodations.staydate", "pk": 34, "fields": {"accommodation": 9, "start_date": "2024-05-08", "end_date": "2027-07-23"}}, {"model": "accommodations.staydate", "pk": 35, "fields": {"accommodation": 10, "start_date": "2024-05-08", "end_date": "2027-07-23"}}, {"model": "accommodations.staydate", "pk": 36, "fields": {"accommodation": 11, "start_date": "2024-05-08", "end_date": "2027-07-23"}}, {"model": "accommodations.staydate", "pk": 37, "fields": {"accommodation": 12, "start_date": "2024-05-08", "end_date": "2027-07-23"}}, {"model": "accommodations.staydate", "pk": 38, "fields": {"accommodation": 13, "start_date": "2024-05-08", "end_date": "2027-07-23"}}, {"model": "accommodations.staydate", "pk": 39, "fields": {"accommodation": 14, "start_date": "2024-05-08", "end_date": "2027-07-23"}}, {"model": "accommodations.staydate", "pk": 40, "fields": {"accommodation": 15, "start_date": "2024-05-08", "end_date": "2027-07-23"}}, {"model": "accommodations.staydate", "pk": 41, "fields": {"accommodation": 16, "start_date": "2024-05-08", "end_date": "2027-07-23"}}, {"model": "accommodations.staydate", "pk": 42, "fields": {"accommodation": 17, "start_date": "2024-05-08", "end_date": "2027-07-23"}}, {"model": "accommodations.staydate", "pk": 43, "fields": {"accommodation": 18, "start_date": "2024-05-08", "end_date": "2027-07-23"}}, {"model": "accommodations.staydate", "pk": 44, "fields": {"accommodation": 19, "start_date": "2024-05-08", "end_date": "2027-07-23"}}, {"model": "accommodations.staydate", "pk": 45, "fields": {"accommodation": 20, "start_date": "2024-05-08", "end_date": "2027-07-23"}}, {"model": "accommodations.staydate", "pk": 46, "fields": {"accommodation": 21, "start_date": "2024-05-08", "end_date": "2027-07-23"}}, {"model": "accommodations.staydate", "pk": 47, "fields": {"accommodation": 22, "start_date": "2024-05-08", "end_date": "2027-07-23"}}, {"model": "accommodations.staydate", "pk": 48, "fields": {"accommodation": 23, "start_date": "2024-05-08", "end_date": "2027-07-23"}}, {"model": "accommodations.staydate", "pk": 49, "fields": {"accommodation": 24, "start_date": "2024-05-08", "end_date": "2027-07-23"}}, {"model": "accounts.customuser", "pk": 1, "fields": {"password": "pbkdf2_sha256$720000$mlALM7k1XLrmsDERXlA1At$Pi7tlONK64q4DFGKu8GjBazK1e++uiFJLKXAxBWdjCE=", "last_login": "2024-05-15T18:03:01.261Z", "is_superuser": true, "username": "admin", "full_name": null, "email": "admin@admin.com", "image": null, "phone_number": null, "birthday": null, "email_confirmed": false, "date_created": "2024-04-29T11:49:02.071Z", "date_updated": "2024-04-29T11:49:02.071Z", "is_staff": true, "is_active": true, "groups": [], "user_permissions": []}}, {"model": "accounts.customuser", "pk": 2, "fields": {"password": "123123", "last_login": "2024-05-15T07:54:25Z", "is_superuser": false, "username": "Гость", "full_name": null, "email": "gost1@gmail.com", "image": "https://res.cloudinary.com/dzbqerxhc/image/upload/v1715759820/profiles_photo/gost1_hl8ps3.png", "phone_number": null, "birthday": "2024-05-15", "email_confirmed": true, "date_created": "2024-05-15T07:52:01.731Z", "date_updated": "2024-05-15T07:57:42.320Z", "is_staff": false, "is_active": true, "groups": [], "user_permissions": []}}, {"model": "accounts.customuser", "pk": 3, "fields": {"password": "123123", "last_login": null, "is_superuser": false, "username": "Гость", "full_name": null, "email": "gost2@gmail.com", "image": "https://res.cloudinary.com/dzbqerxhc/image/upload/v1715759903/profiles_photo/gost2_lb7euk.png", "phone_number": null, "birthday": null, "email_confirmed": true, "date_created": "2024-05-15T07:52:19.715Z", "date_updated": "2024-05-15T07:58:45.932Z", "is_staff": false, "is_active": true, "groups": [], "user_permissions": []}}, {"model": "accounts.customuser", "pk": 4, "fields": {"password": "123123", "last_login": null, "is_superuser": false, "username": "Гость", "full_name": null, "email": "gost3@gmail.com", "image": "https://res.cloudinary.com/dzbqerxhc/image/upload/v1715759870/profiles_photo/gost3_j8a5i0.png", "phone_number": null, "birthday": null, "email_confirmed": true, "date_created": "2024-05-15T07:52:35.224Z", "date_updated": "2024-05-15T07:58:12.727Z", "is_staff": false, "is_active": true, "groups": [], "user_permissions": []}}, {"model": "accounts.customuser", "pk": 5, "fields": {"password": "123123", "last_login": "2024-05-15T08:42:01Z", "is_superuser": false, "username": "Джейсон Стетхем", "full_name": null, "email": "statham123@gmail.com", "image": "https://res.cloudinary.com/dzbqerxhc/image/upload/v1715762418/profiles_photo/2dc4fcf40cd7_z5byxu.jpg", "phone_number": null, "birthday": null, "email_confirmed": true, "date_created": "2024-05-15T08:42:38.514Z", "date_updated": "2024-05-15T08:42:38.514Z", "is_staff": false, "is_active": true, "groups": [], "user_permissions": []}}, {"model": "feedbacks.feedback", "pk": 1, "fields": {"user": 2, "accommodation": 10, "text": "Прекрасное место для отдыха! Отличное расположение, внимательный персонал и комфортабельные номера. Завтраки просто великолепны! Очень рекомендую этот отель для тех, кто хочет насладиться истинным гостеприимством и уютом."}}, {"model": "feedbacks.feedback", "pk": 2, "fields": {"user": 3, "accommodation": 10, "text": "Отличный выбор для семейного отдыха! Аккуратные и чистые номера, детская анимация и бассейн - все, что нужно для того, чтобы сделать отдых приятным и незабываемым."}}, {"model": "feedbacks.feedback", "pk": 3, "fields": {"user": 4, "accommodation": 10, "text": "Отличный отель для деловых поездок! Удобное расположение, современные конференц-залы и бесплатный Wi-Fi - все, что нужно для эффективной работы."}}, {"model": "feedbacks.feedback", "pk": 4, "fields": {"user": 5, "accommodation": 10, "text": "Очень отзывчивый персонал. Отличная обеденная зона, где можно не только позавтракать, но и разогреть себе еду, заварить чай или кофе, приятно провести время за столиками, посмотреть буклеты про Кыргызстан. Завтраки вкусные. Удобные кровати. У нас был угловой номер с огромными окнами, в солнечный день вся комната залита светом. Но при этом есть плотные шторы, можно регулировать освещение. В номере есть все необходимое."}}]